data_id,construction_cost_per_m2_usd
3TOW4,1842.232204374437
493WX,1613.1031193545032
UYP04,1750.358579671124
FN33V,274.25995657958055
CPRHV,1704.4373413358885
97PWD,190.43347809955853
74RS7,1584.3756257472382
JIPNF,2026.8688655371145
IA5U6,1662.5162222546624
EH5SW,1512.8920049370881
ANJ4X,1780.8926857728325
LA100,1597.1705833397177
P6MKT,209.60408352581243
SKP6R,218.80863885016674
WL970,332.8964546609832
THV3A,1872.43335609896
K79UF,233.88302532832816
UQO1V,1774.0745860564355
MDD4V,1991.80615507935
5EHR0,222.00152404053625
AHUKW,1782.1890654842443
0HPMN,1596.3380761133196
F74T6,1542.2135391943948
ES6M0,1831.1416519096365
6TCFK,1686.5940616414578
6QC6K,240.49471312901096
5ZU2Z,209.8378645747567
ZEGBL,2500.0170757883193
ULWJT,1857.5273044584517
RYOZD,147.72517904601486
TQYDS,315.5089634717089
WKHE9,157.12751604630054
QLZ2R,1665.9085989133403
PW2GK,224.22158688058266
9XQYM,1994.7299574202116
V2YGN,1779.4519251952383
ACT49,175.85691259787922
ATATJ,1646.7185940646455
8HU7F,1697.020206538263
EGBMX,223.60232429076584
2WSPO,2022.950556143332
SU4FC,211.96823457940462
CRGB9,1692.736455125666
UOFWB,1466.8462219783623
QOMTS,213.8564939807222
MZAKG,152.21266327654897
IETDN,1875.4163537013333
3J2D5,1650.0221655720304
1T2TA,1732.4291782287419
D84U8,1718.7956212296053
ZGE2J,1874.414604540507
Z04X0,1782.544188298254
57J2X,227.29023803672675
IXA11,1547.9355352478788
MIH6M,138.59384006515546
4FIEE,177.33535044942357
7VBHH,200.76642508799335
OI6OA,208.79733442726712
X0PKO,219.441186964935
P7R93,229.49377850847873
3ZSMV,176.32544088543477
O75RH,1772.231178340365
K48OL,212.78860139870818
JH2MK,225.97630678763977
ZKICW,1848.2600461696386
3ZYT9,1919.099242922919
8WM9L,426.7272273500678
6CWZX,316.2631248627833
4B9SN,321.75715667121625
NBHNA,1809.1173133428026
UT076,1964.7797691295445
KEP7Y,1841.2861762081975
RC11E,1758.2459863282006
CYUKN,379.9874892490651
T997E,1726.5408981496216
K3X8M,204.448912849188
EDTJV,2071.057532775298
F60YK,1640.283724144595
UVY8N,2360.3220625304884
QEOZ0,1558.9156633003154
UDKTM,1849.5077241383115
T3W5U,2160.9352941307366
NV01Z,1777.0816894396387
A9OEK,1654.5149575451296
S1K9Y,1681.5978346425695
E6IVW,1640.6164852367715
PBKTM,142.10573025792152
EYUHZ,1676.3758615163806
50CEH,1540.4817548486672
A7QY8,1690.7354079048268
ZPEAL,1698.3606201877872
JWTL9,1673.658852669661
V4X7Y,281.50701892696486
WVBZ7,229.29684549963986
UAZXK,1874.5922402817048
UJQ6F,1593.0511236970724
XBIDF,226.18093140497226
06XR3,175.17447370753416
GQEXI,175.6900412384887
PKR1I,331.63916408141966
S0KB6,1850.623268363407
PKYRY,1470.4517045892358
JQY3O,1906.9093572676577
L0RCT,217.13154473143746
CDPQV,1896.3129843034228
I8F34,223.24537792467981
DVWRB,2049.7275561819965
WDC11,235.616093741073
7FR91,1714.892765178332
3SR5R,203.69923566775276
6T4UF,1667.6487682831016
WLCFS,193.50216757342213
CKJLT,1732.6769796496196
L3GYW,1845.0942598746024
KBP2Q,1644.8305503008314
XJ7WW,176.4181538953223
EWVIY,1682.8831815067538
B58YJ,257.24998519051036
FE64S,340.6337919332617
8F3GR,2027.2187213763725
I052U,242.6287373421372
YWD14,1367.0474041750672
J2QP8,1756.7406215435676
1GHR0,1746.3402907174345
HH5LF,1671.6515981442242
55NF4,1894.1469146056402
G298C,1676.3444988460392
2IAGL,1654.176444261818
TEMPX,263.45096330540736
8NRXV,187.7496448401891
MWWYZ,1456.047051240816
QVKIZ,1553.774174782061
JNAWN,1650.840162795273
XJ0MQ,1911.5940448041688
UK9E1,1636.441569486543
PHR62,1902.4253026587103
A34MP,147.2942989385692
2C9OG,243.79020962746966
B5IQN,1584.2740061709335
1LTWB,230.106815720323
N16UX,1627.878787940554
RBSV5,1618.5431854230505
CSLQC,1904.450838871445
AMDVL,1616.7180295039857
09LZR,246.08311518645445
XJQ5N,1737.6866887481963
M4T8B,241.83352302944266
8P0TV,1738.7012234856152
3DKVR,147.38981406266066
LB7WX,1590.9568683682407
N6O9J,266.44297533306633
HL1N1,1971.5036598904412
6UB7L,1852.921119558276
TZ0YN,1880.0608207812188
TFNM8,219.55888034817212
FOVD7,184.11002249223077
QO09V,2070.299650813061
6UNVS,267.62126183940006
IYM90,349.7208178415077
2E186,240.95775272524457
XSFH4,1940.4944136254776
ITWU3,2379.8863896640155
O119X,1821.5129373112231
0GNZS,1627.0205504472524
4OAE7,205.06322874061635
IPK0Q,1828.0937141248237
DD070,161.33566253516577
IQVNB,1532.6611792921572
FMPRY,247.70068865420083
B5JTB,1810.9796603246511
3C54W,1811.7916475479067
NCBEK,206.46679490895443
SILN3,212.39580710279856
OTOHP,1759.4780641459765
CIYHE,1879.9270647091862
XCS1X,206.31142559564304
MWE77,241.38391524176325
69UGN,1746.765739116006
V5SN9,1613.6250157684776
8314Y,210.21039059987694
GGODL,218.37762651626616
XAJI0,1804.328967835199
7N8VO,230.00864042468868
7MYOW,1686.6422352875254
9BC2B,2449.116217816575
D0771,294.12065852467134
31YIH,1719.9916312553821
2BFIB,214.86687285659215
ZWKXX,1983.7598564138545
WMI6K,230.5892678750402
FTOUH,1481.9820939156552
E05QM,1843.394192664676
6VEY0,194.33667294211142
8V0BJ,146.25440029954527
SU4SE,147.10026899373975
DTBYR,204.59353905129515
R4KZ3,1847.834980207705
NDG1J,184.79503038316736
08UHB,208.30684986947617
WEIJM,206.35868022887675
9MX2X,1982.1914660128882
GO8JN,1666.599752327643
UP13W,225.53815460796147
53UY8,1857.0018909240762
6HID2,1447.1720636338155
AE58H,1682.3124479859564
37DL9,205.13102138188916
4N1U3,1788.93128238329
9YJB1,1800.0954324260235
4EX6U,1865.7812383437774
FLIJI,1592.5689594342741
XUYUC,229.5906793630991
U6VFU,185.55176686763213
H07JR,181.50806213061776
7VSYJ,201.35106192686914
UBZCZ,248.25380849629488
PJDN8,173.01531665374046
IDKWN,1918.9091166673597
EKRCP,1802.74808986329
8KSZB,1630.3185005946657
OMV2X,1538.1495610104644
8C1CQ,1818.5001504624495
P9N56,1794.6195518727222
U7ONZ,1573.658411347731
02G3Y,1719.1926226545693
33H8G,247.63092641507103
06AK3,159.2661057097826
WIXZ2,2071.1300770234493
9HZGO,186.39342878579077
I3TAM,222.16577706506766
E2GJR,279.41861642914773
LZSE9,1717.9835928913108
OQW5D,1578.5857980132882
HGCSO,1645.4336006367678
Y4KL9,215.18156135630738
SXLMT,1883.4390627598466
AJW25,1714.415348446775
MRUNJ,1767.1806494715238
7S1GD,158.3919614344389
MYN4U,1717.4629479629562
JDLOG,253.34666597120997
I3A4K,207.33342362506278
QIUA0,150.0336284014016
1QE37,1817.9974558522647
3SDYG,1733.8555049649508
IYMEN,1891.0113792495315
W5L4R,182.46911682434146
KZMPJ,1639.727424163726
GB1AJ,2321.897990755207
ZS34J,1470.7992437855014
NPUEV,1423.1497474083924
QBRMQ,1657.9936870666838
QIOB0,1772.549674303578
ZY9YL,190.0579082649432
VS41L,210.73928789727734
4G8V9,189.4424086350522
XF1PI,187.44198215801077
XCCSG,186.14426101339427
4REAS,216.85189784975927
NOU3D,199.34795632118943
6APFX,264.7919364237842
WA88D,200.1079457137696
Y8NYF,253.86467167484346
BQ1S9,1736.040928166969
KPUXQ,2048.6493349661864
BLEJG,294.59597541303276
8ADF7,1727.1426634603927
07K5W,128.3763885509257
7OI0E,1670.8545357044086
LKX1S,253.99342418624184
64DPJ,1786.1689867682294
V2ISQ,1464.1591348388868
4R9V4,170.10472526488167
DS1EE,1740.1768291108376
ZVMCP,239.6209195870059
M8JVH,2082.0441939886055
CEJCY,166.13409003892068
QXMCT,1777.0294724946712
DQX6Q,252.4659300273142
B8DAL,1666.3621613261662
0UBMC,1819.837162658477
EFJAW,1764.6438063967416
9212P,1912.4268964442433
QVAEC,1764.85020246648
QF8WX,183.81304762898728
BWHVN,2048.375869943907
PQO2L,195.92471056375902
H62MY,149.48450102433975
1NECQ,228.87295030554588
0IT26,2003.7187317156233
5PY6B,1772.0744317013582
2NQW4,195.36553058818944
PKI7P,1442.1071196064213
8ERTB,1583.3463253657667
60RJI,1668.797136024267
LZN9U,149.76493599330422
M6DFH,212.95704976940422
163YK,1784.9740871562485
2OOQ4,228.84556121716844
P9LBS,189.82663415012092
JPR7V,1502.1860280570527
H9IER,228.12747492959673
AYYOV,211.36786295282286
109DC,199.3332474701213
B1ZPP,211.06624648730968
E5IZ3,1775.2928330010477
71HSS,1790.2000551802003
VDHR5,259.4905324549139
RTJ5P,1845.3772345854225
8MFS0,307.10335531868526
HU4BA,158.29067219651324
8CYNL,257.0968000575638
K2WBX,1817.3013836789416
4NLZ1,1679.0937939568985
5NBHG,160.7973704151106
5WRYE,206.59336780469002
YMS1M,190.78663726640661
J8YIT,209.68629701093502
0ODWM,1760.8479203339762
T9D31,1763.4616571415763
63BTK,1652.6455779373027
X7XJZ,1649.5660738195295
QQYZQ,1694.009253578141
1448N,1804.4224720889563
X70FQ,2155.7266203663476
JK4Q5,1998.9050651856032
HEJLA,1575.2083075622
36ZX1,1605.6901238397763
LCG1J,191.27979457436248
09ZGN,179.2673234847313
7U8H0,211.764167870249
U31FI,230.73193430364063
7X7B7,254.7134183562886
THD3I,268.9436682092866
URXHW,1745.993683078578
N36V1,163.28476668360878
M2QSQ,1770.984150151536
38DAL,1563.3757914202365
2AN41,227.57946123188373
E63LB,1617.737554047839
VZ4QK,269.05986569626367
TFK7O,204.28240570826188
2AB2R,1716.3733871846332
5A5XI,1742.0655949717811
7P9MD,1599.728232950207
5T82D,293.2897875875117
SOJRP,214.19068159746104
1NHVC,272.68928108081786
1I1P0,1793.1239880219823
FSI15,252.62879336328916
C3RWQ,1855.4954968255377
GYGGS,1425.5358657819563
61J88,1462.6384169881019
L8HL8,2231.470698412476
45BM1,1761.995127226325
CXLL4,1831.6902523077836
0UHK7,206.3353923893808
DALMJ,1796.1199452180451
P15AH,1679.8024394276217
JJA26,1798.8431707832965
VQT3G,1662.8208422210587
453KF,193.47332074730753
MM4P6,264.76120994703655
OC1YF,212.30695554195324
PUU62,211.33219734652755
0I9G5,1778.8868320668962
EL624,1468.7482712701837
G585I,198.74259405065854
PKIAN,1839.7121500294081
GC8KI,201.94872494031267
RID3U,269.30769289847404
QACJ4,1529.3717322465825
KDTS1,203.36619132801175
0Y9DO,1648.57458849047
DP9MG,205.81364668049122
WGWAJ,1636.8251758790889
M89I9,243.78861283758172
51FLM,154.0453604913003
3Q0E2,1574.34170175759
XNCML,153.39185678599023
RUM2L,1607.5801531767938
2ATQY,1605.7823197664816
S9KKH,2081.2428036426595
IN3OE,1733.0676598784594
PNTRF,1898.9188382395516
EAVT8,1725.8977843579341
GX32U,218.82012617922555
91OTK,203.7825086558726
050UI,1819.5619746336793
ZYZSI,233.83731711722749
T1NTM,1921.0147817329537
6US7R,1658.8114197316172
CK828,1880.7130740994062
S65QU,214.18191417583915
6ZS62,1780.2643185069114
ZP08J,1748.8434904749022
4RXYJ,1885.62976811165
MDKRL,205.6314361840102
795RL,1856.1300131977569
7F6FD,2152.619660548543
G3XG0,162.39541458093058
WZS3T,1646.4117184347451
94SZ2,1896.307410095141
EHMGO,228.64262633053178
Y4WPW,160.06592744178312
PAYTX,1943.1529116061347
82795,1686.5743147838243
VO0IP,229.87353123852932
84FC3,201.97566684663298
VG0FN,1884.2097406869536
DBVZB,1644.8626992032732
SS9TO,1791.8280084637347
0P82K,1745.5856617769837
1EGNT,220.03885684072668
A3Y5T,210.2597985329295
ZC7FO,1725.8564847441612
JPZTC,169.88978693674014
CG6FA,274.13504762194333
42X2E,1680.6589052302243
MMU7J,1823.867228048897
2O7S3,1536.3600897202666
GYME6,1933.3053178451412
OG983,198.85117575631634
X65MU,1627.6239041164172
OUHTC,1912.5452826201738
94SGF,254.81951609427776
9NM3V,1996.7177045815192
N0DL5,1811.2438142853875
58VRW,196.87349161923828
Q8HKE,2483.299329911421
UNLPA,1767.703501617446
F9S9E,196.3392358324134
K06MO,1864.7424706319355
BB4M0,395.73220485859156
KYYDU,171.55130534772414
5OL5U,187.69398077950217
TMOWN,139.36317532624864
DTVV2,1772.3822939965428
5JSG6,1999.783585228478
9382K,1875.0744545962712
FG8PJ,194.72062748561214
5ELTF,152.02321956675283
1EGPG,211.05275429808478
VSLWF,1884.9278406320288
RP2U4,1677.8288493094847
IGFU8,1832.4213403545564
DPXNF,1571.3704028555344
GSIWG,1515.92978304713
4RYG9,218.82072592270254
GRO9X,218.47398444154004
25M8K,1932.3752532309572
7JBMJ,265.6577785781877
EIYZC,1570.89064236305
RW6TM,1814.9896945302864
4KEK4,1531.81745384678
1NLC8,1669.4513509106782
HJR6E,187.50916816612133
LI697,196.95125186908524
SZDXI,1681.6080090084656
6S5ZX,191.63558301907653
ZJSSZ,1875.8973510988797
P9JYQ,196.3684054030068
7PZE9,1792.19150017379
P422T,1742.5137859986285
CYWE3,267.08046604675224
9WFB7,216.47776464733565
I3ZRR,1647.2320640798787
2M44G,1919.9754558330199
D1IVX,261.4381563068723
OUADV,1959.1383115953813
CY2C1,193.43574621469048
Y32HO,197.1989566960307
T4Y0T,209.42441278956443
WQ1GA,253.03078740256922
RCB1K,2090.2279663656836
QOT8H,1984.1048603101444
K00IL,172.4807269563987
BD4W1,1883.8730575462127
61XSN,1873.6219613455798
IXZAR,1940.4137063448345
LSE45,2035.114427626813
I0RS2,95.23963864255802
0LFQF,310.5561993433434
EQFGA,220.11376773231007
C6LBP,190.76731525169728
HF4AB,1706.6277077822092
J43D5,1658.2396594403679
85HCQ,248.30427268969729
TDHHL,1657.5142956418385
6QZ6C,214.41592645113536
P74MJ,1693.7708206471455
8SA3I,1569.8387178194857
5ZJA8,1614.878323892634
M0L2L,2033.175612118709
ETUK1,223.9805912267776
Q7ZJ3,1947.137211772747
4QGEF,1796.5162820284295
TL3Q4,1918.475333519983
1GYMD,2206.0011141711475
0IC1L,1644.2802436296984
CDK36,2067.318356641095
TJQ8Z,1758.9705221780177
CGVYI,1781.8714287307796
PQ4DD,207.9814586293125
RI09M,170.26460429243724
Y4K7B,2546.1284673517475
03O4G,1673.9582975553883
CCASB,1887.4037710079
HGK6T,281.5875741272796
2SUMH,200.63915595712388
3ZMF8,1997.8198831093457
9OMUW,1726.4767171054439
6VGTV,274.1909147881683
EC4D1,1614.9675624783245
17RMP,205.27462657972302
1L28R,207.43141243530252
FZW0L,1765.513468168532
AWE42,1665.4560893968107
OK01T,1730.270752627384
WR965,1823.4051222308005
8DH9P,220.24403651630854
IE0RN,2476.7946509548883
224WK,124.49480758488171
XNLO5,183.86053068565144
ZS13C,1920.4804548787681
83TQL,1887.1086171677944
AQ15O,204.87208622134816
1BD2S,207.19894885259615
2292M,1770.056326751411
L1CQ9,1759.929610655818
WYZXJ,213.72208311608588
KJ4YK,1938.2316454806794
Y6RH0,1789.0612732739048
XME4P,189.55647837710717
P39YL,2048.8596532021797
XOMXL,216.4978114222429
QHRRP,1624.6329152624103
NLW0V,1738.4876871929616
YS445,2005.9734366828732
LVYLK,1505.7233480390705
6FOKZ,2140.6529224786873
7FXZV,2062.4755247678736
N9T84,2276.5770208472195
QDGBK,1785.201997703346
GDPPQ,1707.7428202559522
RTWLX,1385.3380150018402
WDCOK,254.66479169406045
U118Q,1816.047326505374
PKW74,248.52158750877615
D0GJY,1637.0882934407143
4A3YJ,1933.014544098601
51B3J,1851.8732608273897
8FY62,1613.256472683113
7ZQPP,197.42933340579106
992QC,1920.3194199596808
L5EFJ,211.59898573100452
R11Q7,1863.7893674227016
T860X,161.90530457675231
JG2Y8,1849.5185643535003
TGXNX,1643.2702077580186
OM2ZK,197.900059453584
1TEE1,1834.8940042467304
VIFTT,1697.5179392014716
015OO,1772.8743914321367
UXG2M,1514.4147128353418
UUJS7,152.96717993147197
ONRVB,1928.944429003799
2L0D1,1636.7231868348654
5E8OS,210.24122462611405
QGU3O,1641.3772557964137
VEDHR,203.0928487099148
H9SDB,2083.6547356444557
IGATJ,2029.317183586888
0V5DT,229.73168974831748
PY857,216.5132836799579
ZSB6Z,139.40317910903732
3O55I,1492.4867594304824
JY62Z,1679.1783907521055
IKVRE,133.5419829847524
0982N,1704.7930947670336
WG84D,199.89714777018338
PGYVY,2151.7084418811055
SXPK4,227.91690243648256
I5N53,238.70101452239047
JKIBU,2357.6804207127834
9K9XJ,1614.393402112465
BC2NN,2399.0045707716245
KTLZK,1616.1001765394883
OJGFH,191.64987758996392
G5GR0,204.36298809706966
5DZ53,297.20423264056
KPG3D,281.1933636729896
FTAXP,1617.3505718757865
X23VE,127.99322367543236
3WKCS,1584.8194679511043
ZH13C,2068.8283119606876
49ITN,1542.8351067595997
DYXYU,350.78493339754795
RYIEJ,249.45685000394937
UJV6O,1914.2358505650088
I60Q6,188.1419381132793
Q3JZR,1653.9803545173177
F9ZXQ,146.0806848347452
QK4LT,1706.5526353686437
T9CD1,183.63529520455802
V7C6S,1977.389132681165
8S2XQ,248.90266292820425
7YE0Q,1868.5069640845616
RFXIO,257.5409973642202
QMVQW,180.57712168037534
9F77L,1660.8882865279365
9JRNA,201.84600632246838
OXD9C,1730.4391159229199
VFX2Z,188.85958977348918
VINDH,1925.9694165241208
5L0N2,212.26179596149638
A73JG,1513.0750803695423
LC58D,1813.7184234140527
8NYSJ,173.09013818036846
6L1F9,1978.9467683386845
OCZDQ,259.4756555824562
T7ZQH,248.20064999324435
Z1UDB,1460.8995794157354
M5IGQ,1453.00667269027
DTZ91,1978.817673839434
56WAF,1520.1702356292094
TVMK2,252.63555523388158
8E7FL,1656.258743836735
ZEBU2,182.71965627264194
2KXSJ,160.13542858605456
PW5D3,1590.3524462707383
UKX49,293.4637711188606
NFU84,1663.231585113719
8DS03,197.56833771487067
IUDUA,264.44073881942245
CMRSE,251.613496033112
2XOIO,149.75898944338724
4OFDT,196.46659412852148
4S8PN,253.30732000905775
EZP7Q,187.36284462526575
UVB99,329.28880308871925
EREV3,1913.6197950008875
C1AU9,245.7252582216385
KKV9R,1547.7612977681856
F86LT,1716.6518648380406
0P92K,257.75365228417644
MOVS0,1993.9250694570035
Q6DG8,201.22689410981937
KWWJW,1522.4683341831765
QX5GG,1867.9619073574077
1W1HT,1871.1948036750086
CXN2E,217.8684338113429
JCDIW,186.7428912459944
HYEXF,1951.1284706501933
7QNEZ,186.81107573230935
ALQ5U,187.256460599258
P4FMP,260.65564915223126
3JCAT,2039.9472385512186
XCB3Y,261.39934138131497
AR6YO,181.40506671791198
A8NZX,218.4252823760074
4LAV7,1838.945195061498
EUB4O,205.9174374125626
A9BQ1,221.35291025203418
ZW9XA,1800.0816768326094
XTOGN,2090.837573833999
LOFN1,1730.0913507726004
URMWU,192.51408191381483
2ILGB,1518.993174380716
KVBLP,171.45836893084754
ZG92S,198.29888054523067
YHXSO,1948.080175142332
8MTK0,192.27773559525727
ZBIKC,2044.5368356926642
LBORI,2490.968575030243
VTN4Y,225.64160583842747
TN9UZ,1756.0893597556028
8LW2L,2162.538754067423
7G0L3,124.22114637144196
ZSGIP,1539.8660132117539
8X8L0,218.83194545066698
RPKZG,1783.4071033702792
ZIA9A,229.69698135490628
FRML2,1651.0028705937625
F07OL,193.76951826849907
SJY5O,224.15905644894733
FV177,1734.4953768390965
1UZVG,1809.6426007665018
ZOWLC,260.09243381259455
GH8RI,1824.848285635388
ZR3RZ,206.2724536546437
GGSJ6,196.95407263915052
0UKOE,176.8921240675945
L8OS9,2076.316973081135
4XYF9,1764.5666343276794
XYJOA,1789.433954777938
A28DI,143.49675376933598
MZ614,194.37333402449826
IM458,1757.0504355201074
N7NPR,251.70669854732324
XVA1N,1638.395381070899
JTGQ0,1882.797760627902
T8HDP,241.8901851981717
4YXFI,292.61923773527354
QX6GV,1848.2532442725533
8T922,223.4069293353862
XNQXU,171.25697177846806
R97Y2,1662.0813507091336
F6XDN,1656.7443744902112
Y4V8U,261.7113250115974
5NKB4,1919.3732660601365
YSYZ7,214.7027786359104
6TWD1,2252.922541908995
9MYYO,221.927431681035
K0GET,1574.567941122269
RKZ40,212.0782373559639
ZUBLE,338.8546008397135
XVHAG,2191.341761760018
CBPLJ,1640.7950053928566
LDB2U,2182.799120001304
ZKW3G,186.90531640367834
EEQNS,1639.955241472279
08P0F,1817.3796563401017
VL9E9,206.40776294287508
G433E,1846.771002988843
T0SEK,1561.2532735277266
N606N,2797.493314737061
RWTF0,181.64952463285448
FXHKC,1555.626176291626
YLURT,1856.951834399952
TT1EQ,212.3828515200449
XXVA2,1593.5382517113162
CIFLW,198.64147027366272
FD7YX,1918.2676068496664
UWW5W,1991.3602114825742
FUKPV,195.22497752428347
Y0OY5,184.07272018748415
1WKIS,209.17798712619373
YHETK,212.41718666206137
2ZL15,284.5390623277193
DK0Q0,245.62276423305818
Y5DNW,181.81253482166878
TP8AK,270.5458464625776
WLACO,180.14955556684419
3QSQC,1704.8359823619144
V4KFQ,288.2692639722251
DKS4F,249.26100111189936
YR06N,1477.3955065585092
QYJV8,213.59644112875282
03UVU,1574.6662527047529
21A6X,1801.6046272001927
Y6DPB,1905.9204468644796
PNSM4,1538.3930559745481
9BXF4,1752.6066306435287
3PCEO,189.4655300070333
FMMWI,1489.6254473439076
IRY8X,215.007376810922
03ZB5,216.19295644188787
U43QL,186.2957508865639
VB66H,211.49849879886298
9KR2F,237.24217526542444
0K5QZ,211.70306176000838
XW2EO,193.4712709866155
EW9G6,245.785503405437
M7PYX,1848.740332929706
A27F8,132.55267885200402
W9HEY,202.86256896364443
VWIEB,210.278040185468
9OI0D,230.57204329495255
GKFL5,230.9037565885054
F74RQ,178.34358342618378
1EKKH,276.29397498398356
29U6W,238.97646912176043
1G1R1,1659.7246806233948
VTRPY,217.20557507412008
4DMC2,276.11261942973914
FOCNQ,226.1789272763925
RDSFE,260.8388694707106
FLZM7,2048.0673845450924
6KF16,1814.7105915206466
TP6QA,250.71754876770902
S44PH,154.1928821337602
FFZZD,1466.770996585998
2NBFA,252.21370057920188
2ITL8,271.92918031756085
FXLOZ,226.09278058024853
S52SQ,1839.5634456102416
6LI07,1938.7191282515505
153SF,2048.7019775635904
ELYYZ,171.78510676419492
LU3ND,230.11379242829665
EUBFN,237.35468606418732
MMXIX,428.13838146551444
86Z1B,195.46803145533312
WNPR4,172.88083169848716
LB254,259.53823943447816
MB5JF,202.04975276485425
HPZRV,202.11218908074298
UZS9M,247.4746966928243
Z8Q4V,155.11733527959993
QXLBV,217.931117611312
MZOCX,149.58034352255456
LUYLU,217.66909610192175
FH00A,166.88299781283126
WBBAD,168.46395307593284
3V23G,1809.5523511763222
DSX4N,1720.768238066517
B9W4U,2280.3918562929957
DKV54,273.5413368618112
8IJL2,1843.8797631418993
LAY64,1941.690165013839
C9T19,1769.759848421393
HLL9R,264.00634520848894
E3YQY,2513.4681035729095
O3XJV,221.1976028464754
NKDAT,216.89033343361348
HLV76,328.24562941578864
8RERV,1871.7544359226652
U4ISO,1559.0350482330016
DU0IS,1747.157968907736
4RX6P,249.17114653400208
M08TV,219.97389597080752
CY15P,1972.6335872368822
5J2D8,166.95776732603738
OROI5,220.38974852037674
RFLQB,1951.595567564781
UPFLF,221.2768456371367
6VZ41,1656.1841874008976
ZSA7Y,1891.740859349548
J9BOQ,1781.3992945092086
NFFYK,218.32016133327218
39AYQ,1641.6521013688434
FX5LI,1567.7405824293867
ZHG8Q,191.15013318809252
3ZSG9,223.30115464557696
IWI08,140.51365789040526
VNDFD,1707.3155977798094
PS013,225.86512888179792
TOOWT,1962.1617849605575
JGXAA,1495.3946212449218
IAAKY,1798.5795768131452
DQ95G,1847.6949674624605
A34MQ,1970.0052534076447
0OIH5,1507.0682000004817
EXDW6,2039.1730887838464
XAJMK,185.22559738540588
QBU4K,304.57851652292595
DBPGV,1895.9018169225756
HDCV4,206.2664034871692
VAJ2K,1840.4196147584462
2K8RY,194.44633680171492
IJC1Y,1982.0911256833497
EGDD8,237.65118049990198
U8EL5,1724.8849285816882
IYZVN,191.27521002018216
FYH1F,1825.8235413713023
DJI9K,1881.3975754436242
HHPBM,1769.4966001746552
DERI4,1692.098616554005
VCCI6,201.8373943453405
SX0GN,200.31169836143783
IHX74,1779.4193448576643
SK7N8,1892.935473156228
AEGVF,1542.2171590511075
9DXOQ,1530.3271192233804
KBTFS,1705.810521700064
G8X80,1763.7802727677458
K6DRN,218.0289749862066
DYT9M,1875.797179437983
P49KW,1451.6853939772272
M55IZ,1685.1242553471209
874FR,1564.0138753705744
RSG70,1943.5672944096423
FWYJX,1424.7650486950513
QS1FO,110.32820403755372
BL7AM,272.5954652127374
EF0VO,1706.5808409098331
G2QZW,2597.418482087969
38XRG,1859.969334067944
RMWLM,225.05933473983407
MGTT0,1987.9352480862635
E088O,1633.1310536230392
9HOTG,200.17172573193153
8DJZR,250.88240142588637
GAD7X,2175.2541161508243
BWGT2,245.70730466268725
9X5JZ,1667.6277882092386
C50B8,176.9167856945018
DO9KH,219.4039268015744
N8LFJ,1724.9234225557288
UDQVD,234.70625850938652
BGL2M,234.79384116115367
5935A,1537.372259884312
8UA3A,213.74114998754627
H75LX,1639.246450834717
4QDBX,310.78287206614687
CW2LB,1789.536278129416
K9QM3,1750.7725107096053
TQTXH,1803.3955156102686
8T63J,1618.1856539448186
GG244,2034.3327254925896
QIMQO,1535.0722621799823
UFWBU,1618.1761105953242
MX1EG,1769.0513721366162
GABTG,1488.012791875626
E9O2M,1714.3108327202772
M2XIP,205.22549736133624
KZ4Z7,1518.263141367125
0N6DG,216.1303365925443
20CV3,2940.886522001169
5E0EV,199.66248533325668
226PA,2040.919734683893
5IE3L,225.40695667483962
XAFGO,209.88757372501365
L0HG9,133.84092165835202
8KZRU,1953.6090109708273
2MOXQ,206.55649603534013
PCHCB,1674.28560289558
LH2R9,331.6293198221676
N89QK,1910.2047769513765
CPTKE,1763.3174720217294
OGE4Q,1707.2253756319963
FTMTT,1624.4204210430933
7VF0J,232.54495463875156
22KX7,1786.9606979346722
856WP,1627.3247480152484
QERXD,1950.8593384227781
ZZRJO,205.40951622330917
IQNHQ,245.81439798291126
J9UU2,217.3936940346594
KPM21,172.17569569470606
A39E3,1516.3825442332286
RZV1S,209.99367618768645
VDQBS,1682.8956495574193
SHMLF,1838.133413779863
3REM5,206.50589942767812
LYPGG,196.50558094984137
GPJ60,198.965168766694
OOA35,234.11694122191406
NGZ6W,2201.8019052214454
6A4FE,1524.4317153317502
7UR23,1745.1524500036608
T9Q1N,2040.9266502257651
E4PA8,2021.3736797033137
6ZHH3,205.39316129608113
NAVYC,142.24510563787084
I0HN3,138.7851180771226
2OHKB,175.9092041951096
W1SWJ,1727.8488666511746
V4XEK,132.31718665311422
GM0J3,1751.419134826924
0IQ2F,1669.42681898324
36BCP,217.97587873481405
I10KQ,1875.6022810192226
LMLGS,1729.3493890986267
1IBLJ,1687.283668965825
52XG8,1955.6701248080083
5XYFC,1932.6089976328253
97C7B,1751.7360968191786
87XW6,174.44713736712433
5PSQ0,1779.3562491246155
SOYG9,1800.2011087266087
AZYTJ,1975.9155039504005
XVKDC,1776.5152219126833
93DXW,256.11728756410474
7DCBH,197.54899002355333
NGUCZ,185.50805371741802
RC85E,203.68242106531113
DY3C7,1573.9465123753398
OEGI3,253.10707388956365
4A1X7,214.6961212218456
GEQE5,234.88561797355533
DIMSY,1838.6030939232255
7X5IC,277.1452784154294
B4XGM,1588.7063222324416
HET25,1669.762858222621
E8F84,1548.7374814459688
FWR2F,295.2980228456244
KOK3Q,1492.7635179398935
45CRI,1725.4086969793418
SRQLN,204.08930857195048
O06FH,249.00845991860749
7JXJN,2113.241311508004
DXO10,1658.719884443799
IOGXP,1929.1865665112216
OB7NU,200.16918782354506
MWU4C,1651.4304634823395
8G8TA,1884.1902569782367
FCD6M,1690.0029529354942
XEPQ8,1944.844740439814
IYFRW,236.73710122503564
Y32OR,1797.193423025999
MF4NN,317.3554812292757
74X2E,1710.6000423003663
8WWII,1730.6635391974087
127H6,244.96342373606893
Q30O3,1725.2635634409328
K5OGZ,1558.7394225080232
MWVSB,217.9786654172271
10Q2L,98.18914726280646
Y9V20,2081.7224043329325
IH0P4,1778.9907551688807
1XERP,196.9739756349172
DC08F,188.2307232044751
GB7R3,1629.1731516739342
8PS0R,175.0184506403794
A78RA,2009.9099098967565
7VBGR,1996.227255960378
EK0Q9,219.58208703384093
BI4Q2,1539.0645190970852
8WPFQ,143.27903913486003
UL1RS,1811.2828458964475
2HXRJ,237.92926789838734
AJSSU,1788.359712395307
XR2DH,1829.243721500414
49TMY,207.82972321380117
NRXD3,1634.0453111298832
TNXHN,223.23492549138814
X6ZDC,1447.1308355318388
B07G2,169.63232505794406
2LR0J,194.91240694923843
0X7ZC,1672.0333644051866
N15IK,165.52341983407666
1TH1X,1941.1495512871272
